-- phpMyAdmin SQL Dump
-- version 5.2.1
-- https://www.phpmyadmin.net/
--
-- Host: 127.0.0.1
-- Generation Time: Maj 10, 2024 at 03:03 PM
-- Wersja serwera: 10.4.32-MariaDB
-- Wersja PHP: 8.2.12

SET SQL_MODE = "NO_AUTO_VALUE_ON_ZERO";
START TRANSACTION;
SET time_zone = "+00:00";


/*!40101 SET @OLD_CHARACTER_SET_CLIENT=@@CHARACTER_SET_CLIENT */;
/*!40101 SET @OLD_CHARACTER_SET_RESULTS=@@CHARACTER_SET_RESULTS */;
/*!40101 SET @OLD_COLLATION_CONNECTION=@@COLLATION_CONNECTION */;
/*!40101 SET NAMES utf8mb4 */;

--
-- Database: `pokedatabase`
--

-- --------------------------------------------------------

--
-- Struktura tabeli dla tabeli `pokemon`
--

CREATE TABLE `pokemon` (
  `ID` smallint(6) NOT NULL,
  `Pokemon_name` varchar(11) DEFAULT NULL,
  `Primary_type` tinyint(4) DEFAULT NULL,
  `Secondary_type` tinyint(4) DEFAULT NULL,
  `Avg_height` varchar(3) DEFAULT NULL,
  `Avg_weight` varchar(6) DEFAULT NULL,
  `Possible_gender` varchar(1) DEFAULT NULL,
  `Generation` varchar(1) DEFAULT NULL
) ENGINE=InnoDB DEFAULT CHARSET=utf8mb4 COLLATE=utf8mb4_general_ci;

--
-- Dumping data for table `pokemon`
--

INSERT INTO `pokemon` (`ID`, `Pokemon_name`, `Primary_type`, `Secondary_type`, `Avg_height`, `Avg_weight`, `Possible_gender`, `Generation`) VALUES
(1, 'Bulbasaur', 5, 8, '0.7', '15.2', '0', '1'),
(2, 'Ivysaur', 5, 8, '1', '28.7', '0', '1'),
(3, 'Venusaur', 5, 8, '2', '220.5', '0', '1'),
(4, 'Charmander', 2, 0, '0.6', '18.7', '0', '1'),
(5, 'Charmeleon', 2, 0, '1.1', '41.9', '0', '1'),
(6, 'Charizard', 2, 10, '1.7', '199.5', '0', '1'),
(7, 'Squirtle', 3, 0, '0.5', '19.8', '0', '1'),
(8, 'Wartortle', 3, 0, '1', '49.6', '0', '1'),
(9, 'Blastoise', 3, 0, '1.6', '188.5', '0', '1'),
(10, 'Caterpie', 12, 0, '0.3', '6.4', '0', '1'),
(11, 'Metapod', 12, 0, '0.7', '21.8', '0', '1'),
(12, 'Butterfree', 12, 10, '1.1', '70.5', '0', '1'),
(13, 'Weedle', 12, 8, '0.3', '7.1', '0', '1'),
(14, 'Kakuna', 12, 8, '0.6', '22', '0', '1'),
(15, 'Beedrill', 12, 8, '1', '65', '0', '1'),
(16, 'Pidgey', 1, 10, '0.3', '4', '0', '1'),
(17, 'Pidgeotto', 1, 10, '1.1', '66.1', '0', '1'),
(18, 'Pidgeot', 1, 10, '1.5', '87.1', '0', '1'),
(19, 'Rattata', 1, 0, '0.3', '7.7', '0', '1'),
(20, 'Raticate', 1, 0, '0.7', '40.8', '0', '1'),
(21, 'Spearow', 1, 10, '0.3', '4.4', '0', '1'),
(22, 'Fearow', 1, 10, '1.2', '83.8', '0', '1'),
(23, 'Ekans', 8, 0, '2', '15.2', '0', '1'),
(24, 'Arbok', 8, 0, '3.5', '143.3', '0', '1'),
(25, 'Pikachu', 4, 0, '0.4', '13.2', '0', '1'),
(26, 'Raichu', 4, 0, '0.8', '66.1', '0', '1'),
(27, 'Sandshrew', 9, 0, '0.6', '26.5', '0', '1'),
(28, 'Sandslash', 9, 0, '1', '65', '0', '1'),
(29, 'Nidoran♀', 8, 0, '0.4', '15.4', '1', '1'),
(30, 'Nidorina', 8, 0, '0.8', '44.1', '1', '1'),
(31, 'Nidoqueen', 8, 9, '1.3', '132.3', '1', '1'),
(32, 'Nidoran♂', 8, 0, '0.5', '19.8', '2', '1'),
(33, 'Nidorino', 8, 0, '0.9', '43', '2', '1'),
(34, 'Nidoking', 8, 9, '1.4', '136.7', '2', '1'),
(35, 'Clefairy', 18, 0, '0.6', '16.5', '0', '1'),
(36, 'Clefable', 18, 0, '1.3', '88.2', '0', '1'),
(37, 'Vulpix', 2, 0, '0.6', '21.8', '0', '1'),
(38, 'Ninetales', 2, 0, '1.1', '43.9', '0', '1'),
(39, 'Jigglypuff', 1, 18, '0.5', '12.1', '0', '1'),
(40, 'Wigglytuff', 1, 18, '1', '26.5', '0', '1'),
(41, 'Zubat', 8, 10, '0.8', '16.5', '0', '1'),
(42, 'Golbat', 8, 10, '1.6', '121.3', '0', '1'),
(43, 'Oddish', 5, 8, '0.5', '11.9', '0', '1'),
(44, 'Gloom', 5, 8, '0.8', '19', '0', '1'),
(45, 'Vileplume', 5, 8, '1.2', '41', '0', '1'),
(46, 'Paras', 12, 5, '0.3', '11.9', '0', '1'),
(47, 'Parasect', 12, 5, '1', '65', '0', '1'),
(48, 'Venonat', 12, 8, '1', '66.1', '0', '1'),
(49, 'Venomoth', 12, 8, '1.5', '27.6', '0', '1'),
(50, 'Diglett', 9, 0, '0.2', '1.8', '0', '1'),
(51, 'Dugtrio', 9, 0, '0.7', '73.4', '0', '1'),
(52, 'Meowth', 1, 0, '0.4', '9.3', '0', '1'),
(53, 'Persian', 1, 0, '1', '70.5', '0', '1'),
(54, 'Psyduck', 3, 0, '0.8', '43.2', '0', '1'),
(55, 'Golduck', 3, 0, '1.7', '168.9', '0', '1'),
(56, 'Mankey', 7, 0, '0.5', '61.7', '0', '1'),
(57, 'Primeape', 7, 0, '1', '70.5', '0', '1'),
(58, 'Growlithe', 2, 0, '0.7', '41.9', '0', '1'),
(59, 'Arcanine', 2, 0, '1.9', '341.7', '0', '1'),
(60, 'Poliwag', 3, 0, '0.6', '27.3', '0', '1'),
(61, 'Poliwhirl', 3, 0, '1', '44.1', '0', '1'),
(62, 'Poliwrath', 3, 0, '1.3', '119', '0', '1'),
(63, 'Abra', 11, 0, '0.8', '43', '0', '1'),
(64, 'Kadabra', 11, 0, '1.3', '124.6', '0', '1'),
(65, 'Alakazam', 11, 0, '1.5', '105.8', '0', '1'),
(66, 'Machop', 7, 0, '0.7', '43', '0', '1'),
(67, 'Machoke', 7, 0, '1.5', '155.4', '0', '1'),
(68, 'Machamp', 7, 0, '1.6', '286.6', '0', '1'),
(69, 'Bellsprout', 5, 8, '0.7', '8.8', '0', '1'),
(70, 'Weepinbell', 5, 8, '1', '14.1', '0', '1'),
(71, 'Victreebell', 5, 8, '1.7', '34.2', '0', '1'),
(72, 'Tentacool', 3, 8, '0.8', '100.3', '0', '1'),
(73, 'Tentacruel', 3, 8, '1.6', '121.3', '0', '1'),
(74, 'Geodude', 13, 9, '0.4', '44.1', '0', '1'),
(75, 'Graveler', 13, 9, '1', '231.5', '0', '1'),
(76, 'Golem', 13, 9, '1.4', '661.4', '0', '1'),
(77, 'Ponyta', 2, 0, '1', '66.1', '0', '1'),
(78, 'Rapidash', 2, 0, '1.7', '209.4', '0', '1'),
(79, 'Slowpoke', 3, 11, '1.2', '79.4', '0', '1'),
(80, 'Slowbro', 3, 11, '1.6', '173.1', '0', '1'),
(81, 'Magnemite', 4, 17, '0.3', '13.2', '0', '1'),
(82, 'Magneton', 4, 17, '1', '132.3', '0', '1'),
(83, 'Farfetch\'d', 1, 10, '0.8', '33.1', '0', '1'),
(84, 'Doduo', 1, 10, '1.4', '86.4', '0', '1'),
(85, 'Dodrio', 1, 10, '1.8', '187.8', '0', '1'),
(86, 'Seel', 3, 0, '1.1', '198.4', '0', '1'),
(87, 'Dewgong', 3, 6, '1.7', '264.6', '0', '1'),
(88, 'Grimer', 8, 0, '0.9', '66.1', '0', '1'),
(89, 'Muk', 8, 0, '1.2', '66.1', '0', '1'),
(90, 'Shellder', 3, 0, '0.3', '8.8', '0', '1'),
(91, 'Cloyster', 3, 6, '1.5', '292.1', '0', '1'),
(92, 'Gastly', 14, 8, '1.3', '0.2', '0', '1'),
(93, 'Haunter', 14, 8, '1.6', '0.2', '0', '1'),
(94, 'Gengar', 14, 8, '1.5', '89.3', '0', '1'),
(95, 'Onix', 13, 9, '8.8', '463', '0', '1'),
(96, 'Drowzee', 11, 0, '1', '71.4', '0', '1'),
(97, 'Hypno', 11, 0, '1.6', '166.7', '0', '1'),
(98, 'Krabby', 3, 0, '0.4', '14.3', '0', '1'),
(99, 'Kingler', 3, 0, '1.3', '132.3', '0', '1'),
(100, 'Voltorb', 4, 0, '0.5', '22.9', '0', '1'),
(101, 'Electrode', 4, 0, '1.2', '146.8', '0', '1'),
(102, 'Exeggcute', 5, 11, '0.4', '5.5', '0', '1'),
(103, 'Exeggutor', 5, 11, '2', '264.6', '0', '1'),
(104, 'Cubone', 9, 0, '0.4', '14.3', '0', '1'),
(105, 'Marowak', 9, 0, '1', '99.2', '0', '1'),
(106, 'Hitmonlee', 7, 0, '1.5', '109.8', '2', '1'),
(107, 'Hitmonchan', 7, 0, '1.4', '110.7', '2', '1'),
(108, 'Lickitung', 1, 0, '1.2', '144.4', '0', '1'),
(109, 'Koffing', 8, 0, '0.6', '2.2', '0', '1'),
(110, 'Weezing', 8, 0, '1.2', '20.9', '0', '1'),
(111, 'Rhyhorn', 9, 13, '1', '253.5', '0', '1'),
(112, 'Rhydon', 9, 13, '1.9', '264.6', '0', '1'),
(113, 'Chansey', 1, 0, '1.1', '76.3', '1', '1'),
(114, 'Tangela', 5, 0, '1', '77.2', '0', '1'),
(115, 'Kangaskhan', 1, 0, '2.2', '176.4', '1', '1'),
(116, 'Horsea', 3, 0, '0.4', '17.6', '0', '1'),
(117, 'Seadra', 3, 0, '1.2', '55.1', '0', '1'),
(118, 'Goldeen', 3, 0, '0.6', '33.1', '0', '1'),
(119, 'Seaking', 3, 0, '1.3', '86', '0', '1'),
(120, 'Staryu', 3, 0, '0.8', '76.1', '3', '1'),
(121, 'Starmie', 3, 11, '1.1', '176.4', '3', '1'),
(122, 'Mr.Mime', 11, 18, '1.3', '120.2', '0', '1'),
(123, 'Scyther', 12, 10, '1.5', '123.5', '0', '1'),
(124, 'Jynx', 6, 11, '1.4', '89.5', '1', '1'),
(125, 'Electabuzz', 4, 0, '1.1', '66.1', '0', '1'),
(126, 'Magmar', 2, 0, '1.3', '98.1', '0', '1'),
(127, 'Pinsir', 12, 0, '1.5', '121.3', '0', '1'),
(128, 'Tauros', 1, 0, '1.4', '194.9', '2', '1'),
(129, 'Magikarp', 3, 0, '0.9', '22', '0', '1'),
(130, 'Gyarados', 3, 10, '6.5', '518.1', '0', '1'),
(131, 'Lapras', 3, 6, '2.5', '485', '0', '1'),
(132, 'Ditto', 1, 0, '0.3', '8.8', '3', '1'),
(133, 'Eevee', 1, 0, '0.3', '14.3', '0', '1'),
(134, 'Vaporeon', 3, 0, '1', '63.9', '0', '1'),
(135, 'Jolteon', 4, 0, '0.8', '54', '0', '1'),
(136, 'Flareon', 2, 0, '0.9', '55.1', '0', '1'),
(137, 'Porygon', 1, 0, '0.8', '80.5', '3', '1'),
(138, 'Omanyte', 13, 3, '0.4', '16.5', '0', '1'),
(139, 'Omastar', 13, 3, '1', '77.2', '0', '1'),
(140, 'Kabuto', 13, 3, '0.5', '25.4', '0', '1'),
(141, 'Kabutops', 13, 3, '1.3', '89.3', '0', '1'),
(142, 'Aerodactyl', 13, 10, '1.8', '130.1', '0', '1'),
(143, 'Snorlax', 1, 0, '2.1', '1014.1', '0', '1'),
(144, 'Articuno', 6, 10, '1.7', '122.1', '3', '1'),
(145, 'Zapdos', 4, 10, '1.6', '116', '3', '1'),
(146, 'Moltres', 2, 10, '2', '132.3', '3', '1'),
(147, 'Dratini', 15, 0, '1.8', '7.3', '0', '1'),
(148, 'Dragonair', 15, 0, '4', '36.4', '0', '1'),
(149, 'Dragonite', 15, 10, '2.2', '463', '0', '1'),
(150, 'Mewtwo', 11, 0, '2', '269', '3', '1'),
(151, 'Mew', 11, 0, '0.4', '8.8', '3', '1');

-- --------------------------------------------------------

--
-- Struktura tabeli dla tabeli `stats`
--

CREATE TABLE `stats` (
  `ID` smallint(6) NOT NULL,
  `HP` tinyint(4) DEFAULT NULL,
  `ATK` tinyint(4) DEFAULT NULL,
  `DEF` tinyint(4) DEFAULT NULL,
  `SATK` tinyint(4) DEFAULT NULL,
  `SDEF` tinyint(4) DEFAULT NULL,
  `SPD` tinyint(4) DEFAULT NULL
) ENGINE=InnoDB DEFAULT CHARSET=utf8mb4 COLLATE=utf8mb4_general_ci;

--
-- Dumping data for table `stats`
--

INSERT INTO `stats` (`ID`, `HP`, `ATK`, `DEF`, `SATK`, `SDEF`, `SPD`) VALUES
(1, 3, 3, 3, 4, 4, 3),
(2, 4, 4, 4, 5, 5, 4),
(3, 5, 5, 5, 6, 6, 5),
(4, 3, 4, 3, 4, 3, 4),
(5, 4, 4, 4, 5, 4, 5),
(6, 5, 5, 5, 7, 5, 6),
(7, 3, 3, 4, 3, 4, 3),
(8, 4, 4, 5, 4, 5, 4),
(9, 5, 5, 6, 5, 7, 5),
(10, 3, 2, 3, 2, 2, 3),
(11, 3, 2, 4, 2, 2, 2),
(12, 4, 3, 3, 6, 5, 5),
(13, 3, 3, 2, 2, 2, 3),
(14, 3, 2, 3, 2, 2, 3),
(15, 4, 6, 3, 3, 5, 5),
(16, 3, 3, 3, 3, 3, 4),
(17, 4, 4, 4, 3, 3, 5),
(18, 5, 5, 5, 5, 5, 6),
(19, 2, 4, 3, 2, 3, 4),
(20, 4, 5, 4, 3, 4, 5),
(21, 3, 4, 2, 2, 2, 5),
(22, 4, 6, 4, 4, 4, 6),
(23, 3, 4, 3, 3, 4, 4),
(24, 4, 6, 5, 4, 5, 5),
(25, 3, 4, 3, 3, 3, 6),
(26, 4, 6, 4, 6, 5, 6),
(27, 3, 5, 5, 2, 2, 3),
(28, 5, 6, 7, 3, 4, 4),
(29, 4, 3, 4, 3, 3, 3),
(30, 5, 4, 4, 4, 4, 4),
(31, 6, 6, 6, 5, 5, 5),
(32, 3, 4, 3, 3, 3, 3),
(33, 4, 5, 4, 4, 4, 4),
(34, 5, 6, 5, 5, 5, 5),
(35, 5, 3, 3, 4, 4, 3),
(36, 6, 5, 5, 6, 6, 4),
(37, 3, 3, 3, 3, 4, 4),
(38, 5, 5, 5, 5, 6, 6),
(39, 7, 3, 2, 3, 2, 2),
(40, 9, 5, 3, 5, 3, 3),
(41, 3, 3, 3, 2, 3, 4),
(42, 5, 5, 5, 4, 5, 6),
(43, 3, 3, 4, 5, 4, 3),
(44, 4, 4, 5, 5, 5, 3),
(45, 5, 5, 5, 7, 6, 3),
(46, 3, 5, 4, 3, 4, 2),
(47, 4, 6, 5, 4, 5, 2),
(48, 4, 4, 3, 3, 4, 3),
(49, 5, 4, 4, 6, 5, 6),
(50, 1, 4, 2, 3, 3, 6),
(51, 3, 6, 3, 3, 5, 8),
(52, 3, 3, 3, 3, 3, 6),
(53, 4, 5, 4, 4, 4, 7),
(54, 3, 4, 3, 4, 3, 4),
(55, 5, 5, 5, 6, 5, 5),
(56, 3, 5, 3, 3, 3, 5),
(57, 4, 7, 4, 4, 5, 6),
(58, 4, 5, 3, 5, 3, 4),
(59, 6, 7, 5, 6, 5, 6),
(60, 3, 3, 3, 3, 3, 6),
(61, 4, 4, 4, 3, 3, 6),
(62, 6, 6, 6, 5, 6, 5),
(63, 2, 2, 1, 7, 4, 6),
(64, 3, 3, 2, 8, 5, 7),
(65, 4, 3, 3, 8, 6, 7),
(66, 5, 5, 3, 3, 3, 3),
(67, 5, 6, 5, 3, 4, 3),
(68, 6, 8, 5, 4, 5, 4),
(69, 3, 5, 3, 5, 2, 3),
(70, 4, 6, 3, 5, 3, 4),
(71, 5, 7, 4, 6, 5, 5),
(72, 3, 3, 3, 3, 6, 5),
(73, 5, 5, 4, 5, 7, 6),
(74, 3, 5, 6, 2, 2, 2),
(75, 4, 6, 7, 3, 3, 3),
(76, 5, 8, 8, 4, 4, 3),
(77, 3, 5, 4, 4, 4, 6),
(78, 4, 6, 5, 5, 5, 7),
(79, 6, 4, 4, 3, 3, 1),
(80, 6, 5, 7, 6, 5, 2),
(81, 2, 3, 5, 6, 4, 3),
(82, 3, 4, 6, 8, 5, 5),
(83, 4, 6, 4, 4, 4, 4),
(84, 3, 5, 3, 3, 3, 5),
(85, 4, 7, 5, 4, 4, 7),
(86, 4, 3, 4, 3, 5, 3),
(87, 6, 5, 5, 5, 6, 5),
(88, 5, 5, 3, 3, 3, 2),
(89, 7, 7, 5, 4, 6, 3),
(90, 2, 4, 6, 3, 2, 3),
(91, 3, 6, 11, 5, 3, 5),
(92, 2, 3, 2, 6, 3, 5),
(93, 3, 3, 3, 7, 4, 6),
(94, 4, 4, 4, 8, 5, 7),
(95, 3, 3, 10, 2, 3, 5),
(96, 4, 3, 3, 3, 6, 3),
(97, 5, 5, 5, 5, 7, 4),
(98, 2, 7, 6, 2, 2, 3),
(99, 4, 8, 7, 3, 3, 5),
(100, 3, 2, 3, 4, 4, 6),
(101, 4, 3, 5, 5, 5, 9),
(102, 4, 3, 5, 4, 3, 3),
(103, 6, 6, 5, 8, 5, 4),
(104, 3, 3, 6, 3, 3, 3),
(105, 4, 5, 7, 3, 5, 3),
(106, 3, 8, 4, 3, 7, 6),
(107, 3, 7, 5, 3, 7, 5),
(108, 6, 4, 5, 4, 5, 2),
(109, 3, 4, 6, 4, 3, 3),
(110, 4, 6, 8, 5, 5, 4),
(111, 5, 5, 6, 2, 2, 2),
(112, 7, 8, 8, 3, 3, 3),
(113, 15, 1, 1, 3, 7, 3),
(114, 4, 4, 7, 6, 3, 4),
(115, 7, 6, 5, 3, 5, 6),
(116, 2, 3, 5, 5, 2, 4),
(117, 4, 4, 6, 6, 3, 5),
(118, 3, 4, 4, 3, 3, 4),
(119, 5, 6, 4, 4, 5, 4),
(120, 2, 3, 4, 5, 4, 5),
(121, 4, 5, 5, 6, 5, 7),
(122, 3, 3, 4, 6, 8, 6),
(123, 5, 7, 5, 4, 5, 7),
(124, 4, 3, 3, 7, 6, 6),
(125, 4, 5, 4, 6, 5, 7),
(126, 4, 6, 4, 6, 5, 6),
(127, 4, 8, 6, 4, 5, 5),
(128, 5, 6, 6, 3, 5, 7),
(129, 2, 1, 4, 1, 2, 5),
(130, 6, 8, 5, 4, 6, 5),
(131, 8, 5, 5, 5, 6, 4),
(132, 3, 3, 3, 3, 3, 3),
(133, 4, 4, 3, 3, 4, 4),
(134, 8, 4, 4, 7, 6, 4),
(135, 4, 4, 4, 7, 6, 8),
(136, 4, 8, 4, 6, 7, 4),
(137, 4, 4, 5, 5, 5, 3),
(138, 3, 3, 6, 6, 4, 3),
(139, 5, 4, 8, 7, 5, 4),
(140, 2, 5, 6, 4, 3, 4),
(141, 4, 7, 7, 4, 5, 5),
(142, 5, 7, 4, 4, 5, 8),
(143, 10, 7, 4, 4, 7, 2),
(144, 6, 5, 6, 6, 8, 5),
(145, 6, 6, 5, 8, 6, 6),
(146, 6, 6, 6, 8, 5, 6),
(147, 3, 4, 3, 3, 3, 3),
(148, 4, 5, 4, 5, 5, 5),
(149, 6, 8, 6, 6, 6, 5),
(150, 7, 7, 6, 10, 6, 8),
(151, 6, 6, 6, 6, 6, 6);

-- --------------------------------------------------------

--
-- Struktura tabeli dla tabeli `types`
--

CREATE TABLE `types` (
  `ID` tinyint(4) NOT NULL,
  `Type` varchar(8) DEFAULT NULL
) ENGINE=InnoDB DEFAULT CHARSET=utf8mb4 COLLATE=utf8mb4_general_ci;

--
-- Dumping data for table `types`
--

INSERT INTO `types` (`ID`, `Type`) VALUES
(12, 'Bug'),
(16, 'Dark'),
(15, 'Dragon'),
(4, 'Electric'),
(18, 'Fairy'),
(7, 'Fighting'),
(2, 'Fire'),
(10, 'Flying'),
(14, 'Ghost'),
(5, 'Grass'),
(9, 'Ground'),
(6, 'Ice'),
(0, 'None'),
(1, 'Normal'),
(8, 'Poison'),
(11, 'Psychic'),
(13, 'Rock'),
(17, 'Steel'),
(3, 'Water');

-- --------------------------------------------------------

--
-- Struktura tabeli dla tabeli `wwt`
--

CREATE TABLE `wwt` (
  `ID` smallint(6) NOT NULL,
  `likes` int(11) NOT NULL
) ENGINE=InnoDB DEFAULT CHARSET=utf8mb4 COLLATE=utf8mb4_general_ci;

--
-- Dumping data for table `wwt`
--

INSERT INTO `wwt` (`ID`, `likes`) VALUES
(1, 0),
(2, 0),
(3, 0),
(4, 0),
(5, 0),
(6, 0),
(7, 0),
(8, 0),
(9, 0),
(10, 0),
(11, 0),
(12, 0),
(13, 0),
(14, 0),
(15, 0),
(16, 0),
(17, 0),
(18, 0),
(19, 0),
(20, 0),
(21, 0),
(22, 0),
(23, 0),
(24, 0),
(25, 0),
(26, 0),
(27, 0),
(28, 0),
(29, 0),
(30, 0),
(31, 0),
(32, 0),
(33, 0),
(34, 0),
(35, 0),
(36, 0),
(37, 0),
(38, 0),
(39, 0),
(40, 0),
(41, 0),
(42, 0),
(43, 0),
(44, 0),
(45, 0),
(46, 0),
(47, 0),
(48, 0),
(49, 0),
(50, 0),
(51, 0),
(52, 0),
(53, 0),
(54, 0),
(55, 0),
(56, 0),
(57, 0),
(58, 0),
(59, 0),
(60, 0),
(61, 0),
(62, 0),
(63, 0),
(64, 0),
(65, 0),
(66, 0),
(67, 0),
(68, 0),
(69, 0),
(70, 0),
(71, 0),
(72, 0),
(73, 0),
(74, 0),
(75, 0),
(76, 0),
(77, 0),
(78, 0),
(79, 0),
(80, 0),
(81, 0),
(82, 0),
(83, 0),
(84, 0),
(85, 0),
(86, 0),
(87, 0),
(88, 0),
(89, 0),
(90, 0),
(91, 0),
(92, 0),
(93, 0),
(94, 0),
(95, 0),
(96, 0),
(97, 0),
(98, 0),
(99, 0),
(100, 0),
(101, 0),
(102, 0),
(103, 0),
(104, 0),
(105, 0),
(106, 0),
(107, 0),
(108, 0),
(109, 0),
(110, 0),
(111, 0),
(112, 0),
(113, 0),
(114, 0),
(115, 0),
(116, 0),
(117, 0),
(118, 0),
(119, 0),
(120, 0),
(121, 0),
(122, 0),
(123, 0),
(124, 0),
(125, 0),
(126, 0),
(127, 0),
(128, 0),
(129, 0),
(130, 0),
(131, 0),
(132, 0),
(133, 0),
(134, 0),
(135, 0),
(136, 0),
(137, 0),
(138, 0),
(139, 0),
(140, 0),
(141, 0),
(142, 0),
(143, 0),
(144, 0),
(145, 0),
(146, 0),
(147, 0),
(148, 0),
(149, 0),
(150, 0),
(151, 0);

--
-- Indeksy dla zrzutów tabel
--

--
-- Indeksy dla tabeli `pokemon`
--
ALTER TABLE `pokemon`
  ADD PRIMARY KEY (`ID`),
  ADD KEY `Primary_type` (`Primary_type`,`Secondary_type`),
  ADD KEY `Secondary_type` (`Secondary_type`);

--
-- Indeksy dla tabeli `stats`
--
ALTER TABLE `stats`
  ADD PRIMARY KEY (`ID`);

--
-- Indeksy dla tabeli `types`
--
ALTER TABLE `types`
  ADD PRIMARY KEY (`ID`),
  ADD KEY `Type` (`Type`);

--
-- Indeksy dla tabeli `wwt`
--
ALTER TABLE `wwt`
  ADD PRIMARY KEY (`ID`);

--
-- AUTO_INCREMENT for dumped tables
--

--
-- AUTO_INCREMENT for table `wwt`
--
ALTER TABLE `wwt`
  MODIFY `ID` smallint(6) NOT NULL AUTO_INCREMENT, AUTO_INCREMENT=152;

--
-- Constraints for dumped tables
--

--
-- Constraints for table `pokemon`
--
ALTER TABLE `pokemon`
  ADD CONSTRAINT `pokemon_ibfk_1` FOREIGN KEY (`Primary_type`) REFERENCES `types` (`ID`),
  ADD CONSTRAINT `pokemon_ibfk_2` FOREIGN KEY (`Secondary_type`) REFERENCES `types` (`ID`),
  ADD CONSTRAINT `pokemon_ibfk_3` FOREIGN KEY (`ID`) REFERENCES `stats` (`ID`);

--
-- Constraints for table `stats`
--
ALTER TABLE `stats`
  ADD CONSTRAINT `stats_ibfk_1` FOREIGN KEY (`ID`) REFERENCES `wwt` (`ID`);
COMMIT;

/*!40101 SET CHARACTER_SET_CLIENT=@OLD_CHARACTER_SET_CLIENT */;
/*!40101 SET CHARACTER_SET_RESULTS=@OLD_CHARACTER_SET_RESULTS */;
/*!40101 SET COLLATION_CONNECTION=@OLD_COLLATION_CONNECTION */;
